{
  "model": "GraphSAGE (card-chain transaction graph)",
  "trained_at": "2026-06-05 22:37",
  "test_metrics": {
    "pr_auc": 0.36797,
    "roc_auc": 0.98553,
    "f1_at_best": 0.43434,
    "best_threshold": 0.90784,
    "precision_at_best": 0.29669,
    "recall_at_best": 0.81026,
    "precision_at_100": 0.03,
    "recall_at_1pct": 0.8,
    "total_cost": 9910.29151,
    "cost_at_half": 18864.20721,
    "n": 555719,
    "n_fraud": 2145
  },
  "n_nodes": 1852394,
  "n_edges": 18498560
}