{
  "model": "GraphSAGE (card-chain transaction graph)",
  "trained_at": "2026-06-05 21:54",
  "test_metrics": {
    "pr_auc": 0.38181,
    "roc_auc": 0.9853,
    "f1_at_best": 0.44369,
    "best_threshold": 0.99735,
    "precision_at_best": 0.50628,
    "recall_at_best": 0.39487,
    "precision_at_100": 0.07,
    "recall_at_1pct": 0.79767,
    "total_cost": 11413.27918,
    "cost_at_half": 86799.66739,
    "n": 555719,
    "n_fraud": 2145
  },
  "n_nodes": 1852394,
  "n_edges": 18493970
}